条目,价格(元),平台,品牌/品种,生产地址,规格(千克),元/千克,记录日期,备注
分享收获 - 五常大米 - 2.5kg/袋,125,分享收获,五常大米,黑龙江五常市杜家镇,2.5,50,"March 19, 2026","产品名：五常大米
种植方式：有机种植
种植时间：2025年新米，10月底产出
开始种植时间：2013年第13个年头
种植负责人：崔海英（六婶）、刘金
保质期：磨亮真空包装后可保存6个月
储存方式：阴凉干燥
产地：黑龙江五常市杜家镇
出品商：分享收获农场自产大米
磨米厂：五常市杜家宏达米业"
（待补平台）- 生态稻米（糙米）- 5kg/袋,95,绿手指,生态酵素稻米（糙米）,衢州,5,19,"March 19, 2026","规格：糙米5kg/袋
产品品种：嘉丰优二号
生产者：梁万洪
产地：浙江省衢州市常山县招贤镇山底村
质量等级：三级
生产方式：生态种植，不使用任何化学农药、化学肥料、除草剂；肥料为酵素堆肥制作的有机肥；病虫害防治用功能性酵素。
贮存条件：置放于阴凉通风干燥处（注：夏季胚芽米宜在冰箱中贮存）
保质期：12个月
说明：大米为真空包装，运输过程可能会因外力挤压或碰撞导致漏气，不在售后范围内，介意慎拍"
（待补平台）- 生态稻米（胚芽米）- 5kg/袋,119,绿手指,生态酵素稻米（胚芽米）,衢州,5,23.8,"March 19, 2026","规格：胚芽米5kg/袋
产品品种：嘉丰优二号
生产者：梁万洪
产地：浙江省衢州市常山县招贤镇山底村
质量等级：三级
生产方式：生态种植，不使用任何化学农药、化学肥料、除草剂；肥料为酵素堆肥制作的有机肥；病虫害防治用功能性酵素。
贮存条件：置放于阴凉通风干燥处（注：夏季胚芽米宜在冰箱中贮存）
保质期：12个月
说明：大米为真空包装，运输过程可能会因外力挤压或碰撞导致漏气，不在售后范围内，介意慎拍"
（待补平台）- 生态粳米（白米）- 2.5kg/袋,88,绿手指,生态粳米（白米）,湖州德清,2.5,35.2,"March 19, 2026","产品：生态粳米（Ecological japonica rice）
可选规格：糙米2.5kg、白米2.5kg、胚芽米2.5kg
配料/原料：稻谷
产品类型：粳米
生产者：王陆良
产地/生产地址：浙江省湖州市德清县新市镇栋林村
生产方式：传统自然农耕种植；一年一季水稻；休耕时种植绿肥紫云英以养地；不使用化肥、除草剂、杀虫剂等化学投入品。
贮存条件：置于阴凉干燥处密封储存或冷藏
保质期：6个月
说明：真空包装，运输过程可能因外力挤压或碰撞导致漏气，不在售后范围内，介意慎拍"
（待补平台）- 生态粳米（胚芽米）- 2.5kg/袋,88,绿手指,生态粳米（胚芽米）,湖州德清,2.5,35.2,"March 19, 2026","产品：生态粳米（Ecological japonica rice）
可选规格：糙米2.5kg、白米2.5kg、胚芽米2.5kg
配料/原料：稻谷
产品类型：粳米
生产者：王陆良
产地/生产地址：浙江省湖州市德清县新市镇栋林村
生产方式：传统自然农耕种植；一年一季水稻；休耕时种植绿肥紫云英以养地；不使用化肥、除草剂、杀虫剂等化学投入品。
贮存条件：置于阴凉干燥处密封储存或冷藏
保质期：6个月
说明：真空包装，运输过程可能因外力挤压或碰撞导致漏气，不在售后范围内，介意慎拍"
（待补平台）- 生态粳米（糙米）- 2.5kg/袋,88,绿手指,生态粳米（糙米）,湖州德清,2.5,35.2,"March 19, 2026","产品：生态粳米（Ecological japonica rice）
可选规格：糙米2.5kg、白米2.5kg、胚芽米2.5kg
配料/原料：稻谷
产品类型：粳米
生产者：王陆良
产地/生产地址：浙江省湖州市德清县新市镇栋林村
生产方式：传统自然农耕种植；一年一季水稻；休耕时种植绿肥紫云英以养地；不使用化肥、除草剂、杀虫剂等化学投入品。
贮存条件：置于阴凉干燥处密封储存或冷藏
保质期：6个月
说明：真空包装，运输过程可能因外力挤压或碰撞导致漏气，不在售后范围内，介意慎拍"
（待补平台）- 生态五常大米（精米）- 2.5kg/袋,96,绿手指,生态五常大米（稻花香2号｜精米）,黑龙江五常市七峰山林,2.5,38.4,"March 19, 2026","产品：生态五常大米（稻花香二号）/ Organic Wuchang rice
可选规格与价格（来自图）：
- 精米 2.5kg/袋：¥96
- 精米 2.5kg/包*2包：¥189
- 胚芽米 1kg/袋：¥56
- 糙米 1kg/袋：¥44
原料：稻花香2号
生产者：郭伟
产地：黑龙江省五常市山河屯林业局七峰山林场
质量等级：优质一等
生产方式：有机方式种植；无化学投入物；人工除草；使用酵素、豆饼等肥料
贮存条件：置放于阴凉通风干燥处
保质期：1年
提示：因工艺限制，每袋胚芽米中，确保70%左右的米粒含有胚芽。
说明：真空包装，运输过程可能因外力挤压或碰撞导致漏气，不在售后范围内，介意慎拍"
（待补平台）- 生态五常大米（胚芽米）- 1kg/袋,56,绿手指,生态五常大米（稻花香2号｜胚芽米）,黑龙江五常市七峰山林,1,56,"March 19, 2026","同款信息见：生态五常大米（稻花香二号）
提示：因工艺限制，每袋胚芽米中，确保70%左右的米粒含有胚芽。"
（待补平台）- 生态五常大米（糙米）- 1kg/袋,44,绿手指,生态五常大米（稻花香2号｜糙米）,黑龙江五常市七峰山林,1,44,"March 19, 2026",同款信息见：生态五常大米（稻花香二号）